controlled	FI44873	f8ea680f-b112-5967-84fe-6ac6b3afa83a	77089c8c133d3d5d2bce80e6d36bd8a3.bam	DO220863	SP124525	Normal - blood derived	SA557234	AWS - Virginia,Collaboratory - Toronto,Azure - Toronto,EGA - Hinxton	MELA-AU	PCAWG			BAM	1.12451098895E11
controlled	FI44060	146fa5c0-5e6b-5b8c-af96-0fab13aeafc4	49eff82a3d477b705e4de6f466988421.bam	DO220855	SP124502	Normal - blood derived	SA557203	AWS - Virginia,Collaboratory - Toronto,Azure - Toronto,EGA - Hinxton	MELA-AU	PCAWG			BAM	1.27189870356E11
controlled	FI33843	ab1f30f3-f1fb-5c02-841f-6cfee905c334	2bbc9adc002868f48c60cb58d3d09f4b.bam	DO220889	SP124604	Normal - blood derived	SA557335	Collaboratory - Toronto,EGA - Hinxton,AWS - Virginia,Azure - Toronto	MELA-AU	PCAWG			BAM	1.14017027348E11
controlled	FI809521	35078d42-5d8f-5cb0-a2c8-5de00d747723	-11d0b525e2d0b5c13576f110b349d86d.bam	DO220909	SP124668	Normal - blood derived	SA557414	AWS - Virginia,Collaboratory - Toronto,Azure - Toronto	MELA-AU	PCAWG			BAM	1.018772218E9
controlled	FI805873	e126a7c8-d299-5393-8745-6df523281d5b	-07bfe7cc8b592b3f8ad54f2ef195772c.bam	DO220895	SP124622	Normal - blood derived	SA557359	Collaboratory - Toronto,AWS - Virginia,Azure - Toronto	MELA-AU	PCAWG			BAM	1.253577565E9
controlled	FI806175	6c95f292-9c0d-566d-8849-e39f6bb7c0f9	-cd6fcf294468808ed78d2c3bcaf2536c.bam	DO220857	SP124510	Normal - blood derived	SA557210	Azure - Toronto,AWS - Virginia,Collaboratory - Toronto	MELA-AU	PCAWG			BAM	2.237808469E9
controlled	FI806171	af56bef6-f1c7-566d-9c43-31c8429e344e	-d2129ae26bc0aa55c751dcdcd57a98b1.bam	DO220852	SP124494	Normal - blood derived	SA557193	AWS - Virginia,Azure - Toronto,Collaboratory - Toronto	MELA-AU	PCAWG			BAM	9.13422836E8
controlled	FI51489	9c1912db-2bcd-5ee9-b3d7-1f2b5fc9e6b1	2f5e7ebc0a206a98c55dfdc38b550784.bam	DO220844	SP124474	Normal - blood derived	SA557175	AWS - Virginia,Collaboratory - Toronto,EGA - Hinxton,Azure - Toronto	MELA-AU	PCAWG			BAM	1.04855249484E11
controlled	FI806187	5e3d43ac-2333-5c2b-8da8-2437b95e5b42	-af47177faa91c8617b0acbaf0012e543.bam	DO220908	SP124663	Normal - blood derived	SA557411	Collaboratory - Toronto,AWS - Virginia,Azure - Toronto	MELA-AU	PCAWG			BAM	1.513771987E9
controlled	FI12404	01700ca5-9912-5fb9-a5dd-fb454d91c4b7	99543b13e89b780a61a2cb0dac79f622.bam	DO220887	SP124597	Normal - blood derived	SA557324	EGA - Hinxton,AWS - Virginia,Collaboratory - Toronto,Azure - Toronto	MELA-AU	PCAWG			BAM	1.02816001545E11
controlled	FI11852	c122c6d4-c150-5572-9720-444fecddd707	ab7dab31de37169db80096f33e7cdccf.bam	DO220890	SP124606	Normal - blood derived	SA557339	Azure - Toronto,EGA - Hinxton,AWS - Virginia,Collaboratory - Toronto	MELA-AU	PCAWG			BAM	1.23248902968E11
controlled	FI809545	cea184ea-435c-545e-8407-3080fb4ebd86	-b717e6e579d2c8e17f6798fa4841b07a.bam	DO220913	SP124680	Normal - blood derived	SA557429	AWS - Virginia,Collaboratory - Toronto,Azure - Toronto	MELA-AU	PCAWG			BAM	1.708929894E9
controlled	FI20843	770c2ce2-c84d-5483-a8ee-2e8379e1aaf0	8f6960ad4851edab46b670d8820a6f87.bam	DO220894	SP124618	Normal - blood derived	SA557354	Azure - Toronto,EGA - Hinxton,AWS - Virginia,Collaboratory - Toronto	MELA-AU	PCAWG			BAM	1.01870792471E11
controlled	FI805853	53c9aa8b-b745-5ce0-b35d-ce4f4363c7b0	-a12c84f5a272d974f4d8970350d50974.bam	DO220848	SP124484	Normal - blood derived	SA557184	Collaboratory - Toronto,AWS - Virginia,Azure - Toronto	MELA-AU	PCAWG			BAM	1.2560551E8
controlled	FI13902	90142d6d-5e9d-5ed1-8f2c-37ade69e7730	bec17dd8aefdfa808db53e6cdab90450.bam	DO220846	SP124479	Normal - blood derived	SA557179	AWS - Virginia,EGA - Hinxton,Collaboratory - Toronto,Azure - Toronto	MELA-AU	PCAWG			BAM	1.0069833289E11
controlled	FI31121	b0e0ba44-b63c-563a-b17b-ce31ccf40a74	c739aeadf66bbad40294c07442a4233b.bam	DO220845	SP124477	Normal - blood derived	SA557177	AWS - Virginia,Collaboratory - Toronto,Azure - Toronto,EGA - Hinxton	MELA-AU	PCAWG			BAM	1.1338433597E11
controlled	FI10012	8b2c1c43-e1aa-566f-bdd5-8397988d6096	e4aca512bd3298bacc694d7ed43f03b9.bam	DO220868	SP124540	Normal - blood derived	SA557248	AWS - Virginia,EGA - Hinxton,Azure - Toronto,Collaboratory - Toronto	MELA-AU	PCAWG			BAM	1.18096601094E11
controlled	FI9550	c42fffad-4ffd-59ba-93f1-2c573547369c	a12c84f5a272d974f4d8970350d50974.bam	DO220848	SP124484	Normal - blood derived	SA557184	Azure - Toronto,Collaboratory - Toronto,EGA - Hinxton,AWS - Virginia	MELA-AU	PCAWG			BAM	1.03758557962E11
controlled	FI16569	f0ba4741-f793-5bf7-a990-e316ca3ac1ea	648aee8b27ca32725a68b7d18be39c33.bam	DO220875	SP124561	Normal - blood derived	SA557282	Azure - Toronto,EGA - Hinxton,Collaboratory - Toronto,AWS - Virginia	MELA-AU	PCAWG			BAM	1.12668748526E11
controlled	FI806221	392e1b52-787a-5e38-b7ed-45f8c82e55bf	-9a94022623e0e1153794d87dcd23399a.bam	DO220841	SP124467	Normal - blood derived	SA557552	Collaboratory - Toronto,Azure - Toronto,AWS - Virginia	MELA-AU	PCAWG			BAM	2.81950069E8
controlled	FI806197	ff4b737b-acc2-5aee-877e-e2520933931c	-0640c11c142f8cceff56af346e853343.bam	DO220853	SP124497	Normal - blood derived	SA557196	Collaboratory - Toronto,Azure - Toronto,AWS - Virginia	MELA-AU	PCAWG			BAM	6.15462402E8
controlled	FI809101	48d0bd21-b7b6-58a5-9860-dc4ee6b47f45	-24fbcc27cda6ccef5f6d9f08101d0211.bam	DO220867	SP124538	Normal - blood derived	SA557246	Azure - Toronto,Collaboratory - Toronto,AWS - Virginia	MELA-AU	PCAWG			BAM	2.01838497E8
controlled	FI809069	c7439f2e-63d8-557f-9214-4be0f299d91c	-59f445bb5e6f95638847b3df0d448d99.bam	DO220847	SP124481	Normal - blood derived	SA557181	AWS - Virginia,Collaboratory - Toronto,Azure - Toronto	MELA-AU	PCAWG			BAM	1.58073606E8
controlled	FI809461	bb41bc6c-7649-55ee-b849-3ad4928ffb3b	-99543b13e89b780a61a2cb0dac79f622.bam	DO220887	SP124597	Normal - blood derived	SA557324	AWS - Virginia,Azure - Toronto,Collaboratory - Toronto	MELA-AU	PCAWG			BAM	7.58645816E8
controlled	FI39436	1d3ee8f3-3e2d-5dc6-874d-818570f516c5	0640c11c142f8cceff56af346e853343.bam	DO220853	SP124497	Normal - blood derived	SA557196	EGA - Hinxton,Azure - Toronto,Collaboratory - Toronto,AWS - Virginia	MELA-AU	PCAWG			BAM	1.16600483666E11
controlled	FI18709	37aef071-34b6-5d8f-9e8f-ae26934bfbf6	bbfd80b3f0ca4234103517572c8a9857.bam	DO220851	SP124491	Normal - blood derived	SA557191	Azure - Toronto,Collaboratory - Toronto,EGA - Hinxton,AWS - Virginia	MELA-AU	PCAWG			BAM	1.03193985622E11
controlled	FI45095	6f49b489-70aa-59b5-9517-60c0ea7a2c85	e7e9bd2bdf357ee0481d99fc823bca98.bam	DO220880	SP124574	Normal - blood derived	SA557297	AWS - Virginia,Collaboratory - Toronto,Azure - Toronto,EGA - Hinxton	MELA-AU	PCAWG			BAM	1.20536632142E11
controlled	FI44891	d2b17595-b1a7-511e-9776-f697eb2be0f3	7db5ad3123e0826c51e46a6d263b2603.bam	DO220859	SP124515	Normal - blood derived	SA557217	Azure - Toronto,EGA - Hinxton,Collaboratory - Toronto,AWS - Virginia	MELA-AU	PCAWG			BAM	1.3153387814E11
controlled	FI805861	f13b8c1d-b038-5f92-9f80-f15ea5cc4768	-38b9fd26d8fcc0f89af7b11810ae18e4.bam	DO220886	SP124594	Normal - blood derived	SA557317	AWS - Virginia,Azure - Toronto,Collaboratory - Toronto	MELA-AU	PCAWG			BAM	4.441701607E9
controlled	FI35078	8d680bf6-cc0e-59c7-a63b-42933b106ad2	0a69ff126ac2404f505c75a18cb7f131.bam	DO220906	SP124656	Normal - blood derived	SA557403	EGA - Hinxton,AWS - Virginia,Collaboratory - Toronto,Azure - Toronto	MELA-AU	PCAWG			BAM	1.6515638955E11
controlled	FI12731	49fbcb22-694b-51f3-9acd-ff27ef038f32	84a84935ec3b9bb90f33168d7df1fdba.bam	DO220904	SP124650	Normal - blood derived	SA557396	Collaboratory - Toronto,AWS - Virginia,EGA - Hinxton,Azure - Toronto	MELA-AU	PCAWG			BAM	1.07790419818E11
controlled	FI20534	6e2902cf-d4ee-5949-a526-e669627415ad	a8189fa0ff57f70b9b8a6bd6710b0896.bam	DO220850	SP124489	Normal - blood derived	SA557189	AWS - Virginia,EGA - Hinxton,Collaboratory - Toronto,Azure - Toronto	MELA-AU	PCAWG			BAM	1.1486705833E11
controlled	FI806225	8de1642a-d604-55d5-8d54-0fa5ca66fbbb	-3b841dadfb48e1c0bbc0e3ca511704a6.bam	DO220869	SP124542	Normal - blood derived	SA557250	AWS - Virginia,Collaboratory - Toronto,Azure - Toronto	MELA-AU	PCAWG			BAM	1.78301856E8
controlled	FI809113	2048af49-db36-56ef-b3de-18af2eb1930e	-421338d2b4df05dda18f87a5fd54895c.bam	DO220860	SP124517	Normal - blood derived	SA557222	Azure - Toronto,AWS - Virginia,Collaboratory - Toronto	MELA-AU	PCAWG			BAM	7.16494004E8
controlled	FI809541	9f7c8f37-f270-5aad-b1be-6b22e158e623	-5bb977259bd051d6c80d04a2dfda4fd8.bam	DO220912	SP124677	Normal - blood derived	SA557425	AWS - Virginia,Collaboratory - Toronto,Azure - Toronto	MELA-AU	PCAWG			BAM	2.537633847E9
controlled	FI1669	73c20f2c-a533-5e8c-be96-16a558d38d4d	af47177faa91c8617b0acbaf0012e543.bam	DO220908	SP124663	Normal - blood derived	SA557411	AWS - Virginia,Collaboratory - Toronto,EGA - Hinxton,Azure - Toronto	MELA-AU	PCAWG			BAM	1.4895626497E11
controlled	FI12713	f721ef4f-34aa-53a8-be77-cd43dd4de713	a735915f7c066bbf76c25c63bb46aecb.bam	DO220907	SP124659	Normal - blood derived	SA557407	Azure - Toronto,Collaboratory - Toronto,AWS - Virginia,EGA - Hinxton	MELA-AU	PCAWG			BAM	1.57190804905E11
controlled	FI53050	6afe5dfe-a7ea-5b6d-96e9-02c2642f3f18	07bfe7cc8b592b3f8ad54f2ef195772c.bam	DO220895	SP124622	Normal - blood derived	SA557359	AWS - Virginia,EGA - Hinxton,Collaboratory - Toronto,Azure - Toronto	MELA-AU	PCAWG			BAM	1.21706618881E11
controlled	FI52781	a1ee3ced-c0df-5957-9f7b-7de56b949d9c	3b841dadfb48e1c0bbc0e3ca511704a6.bam	DO220869	SP124542	Normal - blood derived	SA557250	AWS - Virginia,EGA - Hinxton,Collaboratory - Toronto,Azure - Toronto	MELA-AU	PCAWG			BAM	1.0963071472E11
controlled	FI52175	284f1424-d250-59cf-b105-da277b061e4a	613790ae7b15f3472dcec32e10b62a9f.bam	DO220849	SP124487	Normal - blood derived	SA557186	Azure - Toronto,EGA - Hinxton,AWS - Virginia,Collaboratory - Toronto	MELA-AU	PCAWG			BAM	1.15735931813E11
controlled	FI809085	e31565ad-02d7-5ee3-bf12-181eba4e96f7	-613790ae7b15f3472dcec32e10b62a9f.bam	DO220849	SP124487	Normal - blood derived	SA557186	AWS - Virginia,Collaboratory - Toronto,Azure - Toronto	MELA-AU	PCAWG			BAM	2.15582932E8
controlled	FI809553	a0272e46-ecbd-5ce4-aca5-c23ea23a41c6	-8ca2938c6f184308bbba9b42bad3e6d9.bam	DO220900	SP124638	Normal - blood derived	SA557379	AWS - Virginia,Collaboratory - Toronto,Azure - Toronto	MELA-AU	PCAWG			BAM	3.798953482E9
controlled	FI809529	9da45256-3d8e-5656-a9bf-c85daf37f8dc	-648aee8b27ca32725a68b7d18be39c33.bam	DO220875	SP124561	Normal - blood derived	SA557282	AWS - Virginia,Collaboratory - Toronto,Azure - Toronto	MELA-AU	PCAWG			BAM	2.589400373E9
controlled	FI21859	668b3c72-7365-57e8-a5e9-983b9b08c9cc	d9bb9f9098901e96b3febf8ab1b36d06.bam	DO220873	SP124555	Normal - blood derived	SA557274	AWS - Virginia,Collaboratory - Toronto,EGA - Hinxton,Azure - Toronto	MELA-AU	PCAWG			BAM	1.23533722588E11
controlled	FI16230	37991703-8898-5f0b-bc8a-b02856690d37	ec78d9a4f862896406e884dc21ba3352.bam	DO220881	SP124576	Normal - blood derived	SA557300	AWS - Virginia,Collaboratory - Toronto,EGA - Hinxton,Azure - Toronto	MELA-AU	PCAWG			BAM	1.18945526086E11
controlled	FI44042	be2e2114-5728-587f-9e30-90d1bc84e20e	a69cfae1e2624a01817feeacf99327a6.bam	DO220858	SP124512	Normal - blood derived	SA557214	Collaboratory - Toronto,Azure - Toronto,EGA - Hinxton,AWS - Virginia	MELA-AU	PCAWG			BAM	1.23625094947E11
controlled	FI806191	fa19d2f0-267b-5fbd-8e3e-438a143b8b8b	-e8424c3e7b4d0405090945801eb0771d.bam	DO220903	SP124645	Normal - blood derived	SA557391	AWS - Virginia,Azure - Toronto,Collaboratory - Toronto	MELA-AU	PCAWG			BAM	3.698322802E9
controlled	FI34246	796ba9b6-18c6-5047-b5c6-e5610a2be3da	16d13c22b51b97d4fdc23f13fa8704cd.bam	DO220885	SP124591	Normal - blood derived	SA557313	Collaboratory - Toronto,AWS - Virginia,EGA - Hinxton,Azure - Toronto	MELA-AU	PCAWG			BAM	1.04178744097E11
controlled	FI809061	8094bbbb-e7f5-5c11-8376-be48f3768f3f	-18b9271835118df2987c4af2d0cb8b92.bam	DO220842	SP124469	Normal - blood derived	SA557554	AWS - Virginia,Collaboratory - Toronto,Azure - Toronto	MELA-AU	PCAWG			BAM	3.67979114E8
controlled	FI809505	8d32e5d4-83dc-598a-93b5-683fab35e165	-40233bb52389d0295f49e39bc67e325b.bam	DO220901	SP124639	Normal - blood derived	SA557383	Collaboratory - Toronto,AWS - Virginia,Azure - Toronto	MELA-AU	PCAWG			BAM	9.54466756E8
controlled	FI809493	bbdacfd5-7718-5042-8f87-ffd56e3cd60e	-798dec9ce0d88daf3fd22d31c9e98158.bam	DO220897	SP124628	Normal - blood derived	SA557367	AWS - Virginia,Collaboratory - Toronto,Azure - Toronto	MELA-AU	PCAWG			BAM	4.2486733E8
controlled	FI20841	c5c619e0-2043-596e-9397-03c0087b8d91	798dec9ce0d88daf3fd22d31c9e98158.bam	DO220897	SP124628	Normal - blood derived	SA557367	Collaboratory - Toronto,Azure - Toronto,EGA - Hinxton,AWS - Virginia	MELA-AU	PCAWG			BAM	1.16370877679E11
controlled	FI35096	00d7bbb9-935b-5895-8725-b2b11d66aede	4e85ad8d5a4ab55cd55630b5856863b0.bam	DO220910	SP124671	Normal - blood derived	SA557418	AWS - Virginia,EGA - Hinxton,Collaboratory - Toronto,Azure - Toronto	MELA-AU	PCAWG			BAM	1.28360554593E11
controlled	FI31139	832939d9-182d-5d21-816b-3be8a5646fb4	18b9271835118df2987c4af2d0cb8b92.bam	DO220842	SP124469	Normal - blood derived	SA557554	AWS - Virginia,Collaboratory - Toronto,Azure - Toronto,EGA - Hinxton	MELA-AU	PCAWG			BAM	1.12594670006E11
controlled	FI809065	e4b897a0-43b2-52f0-a1cf-804bb9873f02	-2f5e7ebc0a206a98c55dfdc38b550784.bam	DO220844	SP124474	Normal - blood derived	SA557175	Collaboratory - Toronto,AWS - Virginia,Azure - Toronto	MELA-AU	PCAWG			BAM	1.76602673E8
controlled	FI809097	e8c1a463-6b97-5542-a4b9-f5f6a7d04054	-77089c8c133d3d5d2bce80e6d36bd8a3.bam	DO220863	SP124525	Normal - blood derived	SA557234	Collaboratory - Toronto,Azure - Toronto,AWS - Virginia	MELA-AU	PCAWG			BAM	1.2603989E8
controlled	FI809549	d31ad1b1-66dc-51ad-b0da-8ba85acaf108	-0a69ff126ac2404f505c75a18cb7f131.bam	DO220906	SP124656	Normal - blood derived	SA557403	Azure - Toronto,Collaboratory - Toronto,AWS - Virginia	MELA-AU	PCAWG			BAM	6.798930856E9
controlled	FI809497	046ca888-cf97-5d0e-aa50-4cc39f6641a4	-a323937db1c62572595c5e89ce252aae.bam	DO220879	SP124570	Normal - blood derived	SA557293	AWS - Virginia,Collaboratory - Toronto,Azure - Toronto	MELA-AU	PCAWG			BAM	1.580432291E9
controlled	FI809449	42160cee-4ab4-57e7-a90e-f00859bd981d	-16d13c22b51b97d4fdc23f13fa8704cd.bam	DO220885	SP124591	Normal - blood derived	SA557313	AWS - Virginia,Collaboratory - Toronto,Azure - Toronto	MELA-AU	PCAWG			BAM	1.589889968E9
controlled	FI11624	d368ad37-f1a5-5bb8-bfa3-2076082eabaa	cd6fcf294468808ed78d2c3bcaf2536c.bam	DO220857	SP124510	Normal - blood derived	SA557210	EGA - Hinxton,Collaboratory - Toronto,Azure - Toronto,AWS - Virginia	MELA-AU	PCAWG			BAM	1.24081470073E11
controlled	FI806179	e1532b64-b619-5d07-926e-9af56d7bae47	-ab7dab31de37169db80096f33e7cdccf.bam	DO220890	SP124606	Normal - blood derived	SA557339	AWS - Virginia,Collaboratory - Toronto,Azure - Toronto	MELA-AU	PCAWG			BAM	1.747844401E9
controlled	FI29335	1ab808aa-388b-5ca0-a731-6020fb5dceef	2aa721c3a1dda03ee364847fb9ebd37d.bam	DO220874	SP124558	Normal - blood derived	SA557279	AWS - Virginia,Collaboratory - Toronto,EGA - Hinxton,Azure - Toronto	MELA-AU	PCAWG			BAM	1.1513571649E11
controlled	FI5404	0c5c43dc-726c-5257-b1b8-61044e416348	3e38c5b0eafd2603311248491db6102f.bam	DO220882	SP124580	Normal - blood derived	SA557304	Azure - Toronto,AWS - Virginia,Collaboratory - Toronto,EGA - Hinxton	MELA-AU	PCAWG			BAM	1.13787090205E11
controlled	FI5386	d04ede39-09a5-553b-b49a-df5df7207f82	59015a441aba6d05ea6f38dffd63623d.bam	DO220883	SP124582	Normal - blood derived	SA557307	Azure - Toronto,AWS - Virginia,EGA - Hinxton,Collaboratory - Toronto	MELA-AU	PCAWG			BAM	9.9359914598E10
controlled	FI32497	8a3a2f3d-3071-53dd-9c2f-967060ac09dd	809b5a4e368b19a1623d20af090cb93a.bam	DO220870	SP124544	Normal - blood derived	SA557255	AWS - Virginia,Collaboratory - Toronto,EGA - Hinxton,Azure - Toronto	MELA-AU	PCAWG			BAM	1.0198649135E11
controlled	FI809111	a28a4315-bf21-55ea-b6d3-5c2d114847b6	-e4aca512bd3298bacc694d7ed43f03b9.bam	DO220868	SP124540	Normal - blood derived	SA557248	AWS - Virginia,Azure - Toronto,Collaboratory - Toronto	MELA-AU	PCAWG			BAM	1.79672285E8
controlled	FI809533	72aec5dc-124e-5bd0-825f-ac5b450829cc	-4e85ad8d5a4ab55cd55630b5856863b0.bam	DO220910	SP124671	Normal - blood derived	SA557418	Collaboratory - Toronto,AWS - Virginia,Azure - Toronto	MELA-AU	PCAWG			BAM	8.14233479E8
controlled	FI809453	0d050bd0-7e37-576b-be76-bd0d0a374e99	-71d4e9ed8e08b8eda52f3b79b89b2d86.bam	DO220862	SP124524	Normal - blood derived	SA557229	Collaboratory - Toronto,Azure - Toronto,AWS - Virginia	MELA-AU	PCAWG			BAM	9.87047496E8
controlled	FI806203	297591c6-7011-5e23-b3e3-0f5b4a0fea12	-3974e64208f88aa4858d297f3866171e.bam	DO220871	SP124548	Normal - blood derived	SA557263	AWS - Virginia,Azure - Toronto,Collaboratory - Toronto	MELA-AU	PCAWG			BAM	2.39209686E8
controlled	FI22646	2037dae7-27cd-50ce-9807-843c49879ae7	1662fce6088d1af6d023705954420853.bam	DO220892	SP124612	Normal - blood derived	SA557346	AWS - Virginia,EGA - Hinxton,Collaboratory - Toronto,Azure - Toronto	MELA-AU	PCAWG			BAM	1.12801202039E11
controlled	FI207240	37f076d6-fa64-5b5d-a0d0-b5cd7428d4a2	19793d407a7d7c214a2174212e381569.bam	DO220865	SP124531	Normal - blood derived	SA557242	EGA - Hinxton,Azure - Toronto,AWS - Virginia,Collaboratory - Toronto	MELA-AU	PCAWG			BAM	1.13771546865E11
controlled	FI19836	d759d07f-330c-5d0c-bd28-af72147dfb17	a36262df4197b63fac4a3ed54cf70581.bam	DO220843	SP124472	Normal - blood derived	SA557172	EGA - Hinxton,Collaboratory - Toronto,Azure - Toronto,AWS - Virginia	MELA-AU	PCAWG			BAM	1.1066569602E11
controlled	FI940	de52391e-15b0-5d34-8188-f44f9f46d333	b5ffcfcf691ca3f1f1a600d5f11554d5.bam	DO220891	SP124608	Normal - blood derived	SA557341	Collaboratory - Toronto,EGA - Hinxton,Azure - Toronto,AWS - Virginia	MELA-AU	PCAWG			BAM	1.17278317657E11
controlled	FI805865	e50ddd8a-e625-5c57-9251-2931903ca7cb	-e7e9bd2bdf357ee0481d99fc823bca98.bam	DO220880	SP124574	Normal - blood derived	SA557297	Collaboratory - Toronto,Azure - Toronto,AWS - Virginia	MELA-AU	PCAWG			BAM	9.20233966E8
controlled	FI34190	ffa639d8-9482-5132-8a65-978544952df9	421338d2b4df05dda18f87a5fd54895c.bam	DO220860	SP124517	Normal - blood derived	SA557222	Collaboratory - Toronto,AWS - Virginia,EGA - Hinxton,Azure - Toronto	MELA-AU	PCAWG			BAM	1.15790821106E11
controlled	FI806211	9b62c544-255b-5b07-a20a-6067da88aa1c	-bec17dd8aefdfa808db53e6cdab90450.bam	DO220846	SP124479	Normal - blood derived	SA557179	AWS - Virginia,Collaboratory - Toronto,Azure - Toronto	MELA-AU	PCAWG			BAM	1.98308329E8
controlled	FI12158	b4d5e7ff-d188-5a92-bb52-ca0693ac65ea	5284ed760c8ae1dca27fd9806653d30d.bam	DO220902	SP124642	Normal - blood derived	SA557386	EGA - Hinxton,Collaboratory - Toronto,Azure - Toronto,AWS - Virginia	MELA-AU	PCAWG			BAM	1.04775555016E11
controlled	FI809105	46e7d8c5-c19b-5055-9baf-6a0597170aba	-40a6b83a81a4773a273b8aea5696ece4.bam	DO220872	SP124552	Normal - blood derived	SA557270	AWS - Virginia,Collaboratory - Toronto,Azure - Toronto	MELA-AU	PCAWG			BAM	2.438169986E9
controlled	FI809525	6c0e8c2a-79e0-502d-a6a9-fbcf5f31a035	-308549125b75ff801b965def886af75f.bam	DO220911	SP124674	Normal - blood derived	SA557421	AWS - Virginia,Collaboratory - Toronto,Azure - Toronto	MELA-AU	PCAWG			BAM	2.037812891E9
controlled	FI809537	b7ec3d70-adaa-5778-93bd-1f06a0635048	-a735915f7c066bbf76c25c63bb46aecb.bam	DO220907	SP124659	Normal - blood derived	SA557407	AWS - Virginia,Collaboratory - Toronto,Azure - Toronto	MELA-AU	PCAWG			BAM	2.230251359E9
controlled	FI809473	8280d75b-87fc-5b01-8f28-adb5ae2d43c8	-2bbc9adc002868f48c60cb58d3d09f4b.bam	DO220889	SP124604	Normal - blood derived	SA557335	AWS - Virginia,Collaboratory - Toronto,Azure - Toronto	MELA-AU	PCAWG			BAM	1.213704794E9
controlled	FI809489	503d8c85-8403-57a3-9da5-aef46db4c3bd	-b5ffcfcf691ca3f1f1a600d5f11554d5.bam	DO220891	SP124608	Normal - blood derived	SA557341	AWS - Virginia,Collaboratory - Toronto,Azure - Toronto	MELA-AU	PCAWG			BAM	4.764085838E9
controlled	FI1687	67e96d0d-30cb-57ae-81d5-df30197f0dce	522e7d5bc8428b7cbb7c40401078758f.bam	DO220905	SP124652	Normal - blood derived	SA557399	AWS - Virginia,EGA - Hinxton,Collaboratory - Toronto,Azure - Toronto	MELA-AU	PCAWG			BAM	1.14045142346E11
controlled	FI50054	6f8e8bca-efce-527b-a840-23e2a1410503	82bd68da6c770ee2e09b837240470e44.bam	DO220878	SP124568	Normal - blood derived	SA557290	EGA - Hinxton,Collaboratory - Toronto,AWS - Virginia,Azure - Toronto	MELA-AU	PCAWG			BAM	1.02837547748E11
controlled	FI8726	11753225-3e1b-50a4-86dd-e79717722ff0	308549125b75ff801b965def886af75f.bam	DO220911	SP124674	Normal - blood derived	SA557421	Azure - Toronto,AWS - Virginia,EGA - Hinxton,Collaboratory - Toronto	MELA-AU	PCAWG			BAM	1.24416645484E11
controlled	FI30734	90d02b93-ba1c-545b-97ea-fb3ba9cb0987	b717e6e579d2c8e17f6798fa4841b07a.bam	DO220913	SP124680	Normal - blood derived	SA557429	EGA - Hinxton,Azure - Toronto,AWS - Virginia,Collaboratory - Toronto	MELA-AU	PCAWG			BAM	1.59757353642E11
controlled	FI806233	72e0b5ae-65f1-5d50-9466-17a5fbf478fc	-8f6960ad4851edab46b670d8820a6f87.bam	DO220894	SP124618	Normal - blood derived	SA557354	AWS - Virginia,Azure - Toronto,Collaboratory - Toronto	MELA-AU	PCAWG			BAM	7.93695635E8
controlled	FI806239	812309e2-58ba-54bc-8e72-1d1b567b7494	-bbfd80b3f0ca4234103517572c8a9857.bam	DO220851	SP124491	Normal - blood derived	SA557191	AWS - Virginia,Collaboratory - Toronto,Azure - Toronto	MELA-AU	PCAWG			BAM	3.574625257E9
controlled	FI806217	1f6fdd16-2695-5269-85af-935c04458b1e	-72257687b158f130022be583e75049ee.bam	DO220877	SP124566	Normal - blood derived	SA557289	AWS - Virginia,Azure - Toronto,Collaboratory - Toronto	MELA-AU	PCAWG			BAM	7.479459687E9
controlled	FI806213	0172e19c-2fe8-5979-b2ff-9364c1dfdacf	-c739aeadf66bbad40294c07442a4233b.bam	DO220845	SP124477	Normal - blood derived	SA557177	AWS - Virginia,Collaboratory - Toronto,Azure - Toronto	MELA-AU	PCAWG			BAM	1.85061847E8
controlled	FI12422	2916616f-71c1-5432-8773-ccbb936b6a73	71d4e9ed8e08b8eda52f3b79b89b2d86.bam	DO220862	SP124524	Normal - blood derived	SA557229	Azure - Toronto,AWS - Virginia,EGA - Hinxton,Collaboratory - Toronto	MELA-AU	PCAWG			BAM	1.10073178712E11
controlled	FI809073	bc8607d7-c902-5804-83a6-d5f004342416	-a69cfae1e2624a01817feeacf99327a6.bam	DO220858	SP124512	Normal - blood derived	SA557214	AWS - Virginia,Collaboratory - Toronto,Azure - Toronto	MELA-AU	PCAWG			BAM	1.63456415E8
controlled	FI809087	05b5a7bc-9221-5b8c-be8a-b0bb00b3e685	-7db5ad3123e0826c51e46a6d263b2603.bam	DO220859	SP124515	Normal - blood derived	SA557217	AWS - Virginia,Collaboratory - Toronto,Azure - Toronto	MELA-AU	PCAWG			BAM	8.13419533E8
controlled	FI809515	cd680c72-945f-5800-ae76-b94f216e79aa	-5284ed760c8ae1dca27fd9806653d30d.bam	DO220902	SP124642	Normal - blood derived	SA557386	AWS - Virginia,Collaboratory - Toronto,Azure - Toronto	MELA-AU	PCAWG			BAM	2.970186002E9
controlled	FI809465	83cedb9d-dcd2-58ea-b449-ee9288ae8bd5	-2aa721c3a1dda03ee364847fb9ebd37d.bam	DO220874	SP124558	Normal - blood derived	SA557279	AWS - Virginia,Collaboratory - Toronto,Azure - Toronto	MELA-AU	PCAWG			BAM	6.15643529E8
controlled	FI809457	ac2f6528-138f-5402-9906-73e45f0e8ffb	-86f48ba59daccad001ff3408be56a956.bam	DO220888	SP124601	Normal - blood derived	SA557332	Collaboratory - Toronto,Azure - Toronto,AWS - Virginia	MELA-AU	PCAWG			BAM	1.69576739E8
controlled	FI207239	155fff52-a9f2-5edf-8588-beee61430400	d80fa4ab93d841378d787ccbfb6a291b.bam	DO220866	SP124536	Normal - blood derived	SA557244	EGA - Hinxton,Collaboratory - Toronto,Azure - Toronto,AWS - Virginia	MELA-AU	PCAWG			BAM	1.18807148865E11
controlled	FI7863	469124fe-3646-5e65-8566-7a82fab87a4c	72257687b158f130022be583e75049ee.bam	DO220877	SP124566	Normal - blood derived	SA557289	AWS - Virginia,Collaboratory - Toronto,EGA - Hinxton,Azure - Toronto	MELA-AU	PCAWG			BAM	1.00345100779E11
controlled	FI43047	071366c5-2c96-54d7-9bab-49656f87181a	61dfa7eaa9cb3bfd31e8a3a9003a5924.bam	DO220896	SP124624	Normal - blood derived	SA557363	AWS - Virginia,Collaboratory - Toronto,EGA - Hinxton,Azure - Toronto	MELA-AU	PCAWG			BAM	1.21770764918E11
controlled	FI806229	cc43190e-3b55-51ab-807e-9f879eba9a6d	-54d83bee2f1b2be2160bb0d446f289cf.bam	DO220861	SP124519	Normal - blood derived	SA557223	Collaboratory - Toronto,AWS - Virginia,Azure - Toronto	MELA-AU	PCAWG			BAM	6.52038899E8
controlled	FI22532	3ce84fa3-b71d-508e-85f4-22d36eaca590	a3afe20a56f94e9a292664d331cd8154.bam	DO220899	SP124636	Normal - blood derived	SA557375	Azure - Toronto,EGA - Hinxton,AWS - Virginia,Collaboratory - Toronto	MELA-AU	PCAWG			BAM	1.42990456336E11
controlled	FI9440	b9ab5296-6f75-5d2a-a07f-d5cd64c86b17	59f445bb5e6f95638847b3df0d448d99.bam	DO220847	SP124481	Normal - blood derived	SA557181	Azure - Toronto,EGA - Hinxton,Collaboratory - Toronto,AWS - Virginia	MELA-AU	PCAWG			BAM	1.05735678741E11
controlled	FI457	16344a47-a03c-5ac1-8885-2e71d44a3db6	af340c13ce9ca5593bc3ebe803a83f13.bam	DO220898	SP124632	Normal - blood derived	SA557371	EGA - Hinxton,AWS - Virginia,Collaboratory - Toronto,Azure - Toronto	MELA-AU	PCAWG			BAM	9.935395761E10
controlled	FI44677	ffbeec37-26b8-5113-aeec-e24b21d6e35d	86f48ba59daccad001ff3408be56a956.bam	DO220888	SP124601	Normal - blood derived	SA557332	AWS - Virginia,Collaboratory - Toronto,EGA - Hinxton,Azure - Toronto	MELA-AU	PCAWG			BAM	1.04293356681E11
controlled	FI23649	26dc6c18-bf54-55aa-b056-58bf2b0a6f9e	e8424c3e7b4d0405090945801eb0771d.bam	DO220903	SP124645	Normal - blood derived	SA557391	Collaboratory - Toronto,Azure - Toronto,EGA - Hinxton,AWS - Virginia	MELA-AU	PCAWG			BAM	1.24119779073E11
controlled	FI805857	44e71baf-bc92-5561-bb4f-0f295e4a2d73	-3e38c5b0eafd2603311248491db6102f.bam	DO220882	SP124580	Normal - blood derived	SA557304	AWS - Virginia,Collaboratory - Toronto,Azure - Toronto	MELA-AU	PCAWG			BAM	1.556193838E9
controlled	FI23136	d59d78f5-942a-5c75-be01-0dc65a67dd2b	54d83bee2f1b2be2160bb0d446f289cf.bam	DO220861	SP124519	Normal - blood derived	SA557223	EGA - Hinxton,Azure - Toronto,Collaboratory - Toronto,AWS - Virginia	MELA-AU	PCAWG			BAM	1.12105273376E11
controlled	FI809509	59b44263-ea99-5365-b881-a985233fbc69	-84a84935ec3b9bb90f33168d7df1fdba.bam	DO220904	SP124650	Normal - blood derived	SA557396	Azure - Toronto,Collaboratory - Toronto,AWS - Virginia	MELA-AU	PCAWG			BAM	3.60121683E8
controlled	FI809301	a26d7fec-27d7-5558-9ae7-29acd091b771	-d9bb9f9098901e96b3febf8ab1b36d06.bam	DO220873	SP124555	Normal - blood derived	SA557274	Azure - Toronto,AWS - Virginia,Collaboratory - Toronto	MELA-AU	PCAWG			BAM	1.284644184E9
controlled	FI43926	ac9e93a7-497d-5534-927b-fab0580f7269	8ca2938c6f184308bbba9b42bad3e6d9.bam	DO220900	SP124638	Normal - blood derived	SA557379	Azure - Toronto,EGA - Hinxton,AWS - Virginia,Collaboratory - Toronto	MELA-AU	PCAWG			BAM	4.42984238477E11
controlled	FI32855	85a44238-f6ee-54b5-800b-a83b09275131	40a6b83a81a4773a273b8aea5696ece4.bam	DO220872	SP124552	Normal - blood derived	SA557270	Azure - Toronto,EGA - Hinxton,Collaboratory - Toronto,AWS - Virginia	MELA-AU	PCAWG			BAM	1.24799675825E11
controlled	FI805869	786305a5-28a0-5a58-bd20-65987ea38462	-809b5a4e368b19a1623d20af090cb93a.bam	DO220870	SP124544	Normal - blood derived	SA557255	AWS - Virginia,Collaboratory - Toronto,Azure - Toronto	MELA-AU	PCAWG			BAM	2.10845208E8
controlled	FI806183	5b034cd6-81c9-5022-821f-239b2b9681ce	-cc4b7b20c75795418f0cf2a520f054a7.bam	DO220884	SP124587	Normal - blood derived	SA557310	AWS - Virginia,Collaboratory - Toronto,Azure - Toronto	MELA-AU	PCAWG			BAM	6.64431833E8
controlled	FI22550	1584065d-53b9-55f4-81c2-3b5911147542	40233bb52389d0295f49e39bc67e325b.bam	DO220901	SP124639	Normal - blood derived	SA557383	Azure - Toronto,EGA - Hinxton,AWS - Virginia,Collaboratory - Toronto	MELA-AU	PCAWG			BAM	1.12187394603E11
controlled	FI11834	5393876c-bd6f-5bea-8248-ab385a4fb3c9	21f6e2c6c497b256d485cb02ceef6910.bam	DO220893	SP124616	Normal - blood derived	SA557349	Azure - Toronto,EGA - Hinxton,AWS - Virginia,Collaboratory - Toronto	MELA-AU	PCAWG			BAM	1.18513192286E11
controlled	FI809501	0e3df4b0-f842-5f1b-a81f-bdef3f2d83e4	-af340c13ce9ca5593bc3ebe803a83f13.bam	DO220898	SP124632	Normal - blood derived	SA557371	AWS - Virginia,Azure - Toronto,Collaboratory - Toronto	MELA-AU	PCAWG			BAM	8.73488805E8
controlled	FI809481	1550b0f5-3643-52ae-a7a2-9d66fa365871	-1662fce6088d1af6d023705954420853.bam	DO220892	SP124612	Normal - blood derived	SA557346	AWS - Virginia,Collaboratory - Toronto,Azure - Toronto	MELA-AU	PCAWG			BAM	2.45617355E8
controlled	FI34169	364552ed-e655-562f-acc9-d96feb4b96a6	76cf910e94fede103cb8a50ec2573588.bam	DO220864	SP124529	Normal - blood derived	SA557238	Azure - Toronto,EGA - Hinxton,AWS - Virginia,Collaboratory - Toronto	MELA-AU	PCAWG			BAM	1.06409560027E11
controlled	FI42170	71e7e4b8-baeb-583a-bf99-8b628728d032	9a94022623e0e1153794d87dcd23399a.bam	DO220841	SP124467	Normal - blood derived	SA557552	EGA - Hinxton,AWS - Virginia,Collaboratory - Toronto,Azure - Toronto	MELA-AU	PCAWG			BAM	1.06700360544E11
controlled	FI44623	51ea2600-3cf7-5080-9a5e-2eca99dae050	11d0b525e2d0b5c13576f110b349d86d.bam	DO220909	SP124668	Normal - blood derived	SA557414	AWS - Virginia,Collaboratory - Toronto,EGA - Hinxton,Azure - Toronto	MELA-AU	PCAWG			BAM	1.16190234859E11
controlled	FI33295	37b47c8f-795f-53af-aa58-227c9b30528e	3974e64208f88aa4858d297f3866171e.bam	DO220871	SP124548	Normal - blood derived	SA557263	EGA - Hinxton,Collaboratory - Toronto,Azure - Toronto,AWS - Virginia	MELA-AU	PCAWG			BAM	1.03253562473E11
controlled	FI24205	84744241-b8d6-513d-9777-f1de79cdf55b	38b9fd26d8fcc0f89af7b11810ae18e4.bam	DO220886	SP124594	Normal - blood derived	SA557317	Azure - Toronto,EGA - Hinxton,Collaboratory - Toronto,AWS - Virginia	MELA-AU	PCAWG			BAM	1.04129207074E11
controlled	FI51207	a2465722-699b-5a3f-8bf0-ca5ced7780c2	5bb977259bd051d6c80d04a2dfda4fd8.bam	DO220912	SP124677	Normal - blood derived	SA557425	EGA - Hinxton,AWS - Virginia,Azure - Toronto,Collaboratory - Toronto	MELA-AU	PCAWG			BAM	1.65063090519E11
controlled	FI809107	da7ef107-9de1-566f-b7bf-a633f1055da8	-d80fa4ab93d841378d787ccbfb6a291b.bam	DO220866	SP124536	Normal - blood derived	SA557244	AWS - Virginia,Azure - Toronto,Collaboratory - Toronto	MELA-AU	PCAWG			BAM	3.95599528E8
controlled	FI809445	a9f76015-88ab-5fda-921d-424bcc6bd061	-ec78d9a4f862896406e884dc21ba3352.bam	DO220881	SP124576	Normal - blood derived	SA557300	Collaboratory - Toronto,Azure - Toronto,AWS - Virginia	MELA-AU	PCAWG			BAM	1.723194117E9
controlled	FI207241	f2ff7298-ccfa-59a4-83b8-ad403419a5c8	24fbcc27cda6ccef5f6d9f08101d0211.bam	DO220867	SP124538	Normal - blood derived	SA557246	AWS - Virginia,Collaboratory - Toronto,EGA - Hinxton,Azure - Toronto	MELA-AU	PCAWG			BAM	1.11743734688E11
controlled	FI12614	bb2f7012-dc54-5335-ba55-47e811f8e247	cc4b7b20c75795418f0cf2a520f054a7.bam	DO220884	SP124587	Normal - blood derived	SA557310	EGA - Hinxton,Azure - Toronto,AWS - Virginia,Collaboratory - Toronto	MELA-AU	PCAWG			BAM	1.11705958024E11
controlled	FI364408	7e3baadc-0e1e-5b8f-a979-23c3507e71ab	d2129ae26bc0aa55c751dcdcd57a98b1.bam	DO220852	SP124494	Normal - blood derived	SA557193	AWS - Virginia,EGA - Hinxton,Azure - Toronto,Collaboratory - Toronto	MELA-AU	PCAWG			BAM	7.0256000121E10
controlled	FI38413	4150f246-c2e7-5dfa-bd43-c2ca1a9ada83	a323937db1c62572595c5e89ce252aae.bam	DO220879	SP124570	Normal - blood derived	SA557293	EGA - Hinxton,AWS - Virginia,Collaboratory - Toronto,Azure - Toronto	MELA-AU	PCAWG			BAM	1.39536944043E11
controlled	FI806207	7876fcdf-3b61-5067-9ad3-323c80d905e8	-76cf910e94fede103cb8a50ec2573588.bam	DO220864	SP124529	Normal - blood derived	SA557238	Collaboratory - Toronto,AWS - Virginia,Azure - Toronto	MELA-AU	PCAWG			BAM	2.41166466E8
controlled	FI806195	7f8a0faf-ef48-5dd3-af69-c69f62f10de3	-82bd68da6c770ee2e09b837240470e44.bam	DO220878	SP124568	Normal - blood derived	SA557290	AWS - Virginia,Collaboratory - Toronto,Azure - Toronto	MELA-AU	PCAWG			BAM	2.975950659E9
controlled	FI806167	fea0116f-f099-5df1-a147-1dfd06418ae0	-a36262df4197b63fac4a3ed54cf70581.bam	DO220843	SP124472	Normal - blood derived	SA557172	AWS - Virginia,Collaboratory - Toronto,Azure - Toronto	MELA-AU	PCAWG			BAM	2.46140041E8
controlled	FI809077	ae5f25a0-d806-5de2-ae3e-72859109778e	-a8189fa0ff57f70b9b8a6bd6710b0896.bam	DO220850	SP124489	Normal - blood derived	SA557189	AWS - Virginia,Azure - Toronto,Collaboratory - Toronto	MELA-AU	PCAWG			BAM	3.25144673E8
controlled	FI809081	5130acf2-2bcf-5349-9e1e-a3cbc99f2c71	-49eff82a3d477b705e4de6f466988421.bam	DO220855	SP124502	Normal - blood derived	SA557203	AWS - Virginia,Collaboratory - Toronto,Azure - Toronto	MELA-AU	PCAWG			BAM	1.325190938E9
controlled	FI809093	b7e2b785-cd16-5a2f-ba20-c94384009219	-19793d407a7d7c214a2174212e381569.bam	DO220865	SP124531	Normal - blood derived	SA557242	AWS - Virginia,Collaboratory - Toronto,Azure - Toronto	MELA-AU	PCAWG			BAM	1.79505984E8
controlled	FI809513	9e3e6c40-6839-55d0-8a09-448c3dc014c3	-522e7d5bc8428b7cbb7c40401078758f.bam	DO220905	SP124652	Normal - blood derived	SA557399	AWS - Virginia,Azure - Toronto,Collaboratory - Toronto	MELA-AU	PCAWG			BAM	3.57694248E8
controlled	FI809469	25dce78b-0a0f-5ba5-af62-0339385840b3	-59015a441aba6d05ea6f38dffd63623d.bam	DO220883	SP124582	Normal - blood derived	SA557307	AWS - Virginia,Collaboratory - Toronto,Azure - Toronto	MELA-AU	PCAWG			BAM	6.17865058E8
controlled	FI809477	8cce5801-d4aa-5d88-89be-4a668f4969db	-21f6e2c6c497b256d485cb02ceef6910.bam	DO220893	SP124616	Normal - blood derived	SA557349	AWS - Virginia,Collaboratory - Toronto,Azure - Toronto	MELA-AU	PCAWG			BAM	9.14679071E8
controlled	FI809485	5e26677d-bd00-58b1-a627-a1dbc89e93b9	-61dfa7eaa9cb3bfd31e8a3a9003a5924.bam	DO220896	SP124624	Normal - blood derived	SA557363	AWS - Virginia,Collaboratory - Toronto,Azure - Toronto	MELA-AU	PCAWG			BAM	9.16170103E8
